time,x_wrapped,s_unwrapped,y,z,vx,vy,vz,radius,in_late_window,in_velocity_fit_window,vx_linear_fit
1.500000000000000000e+00,4.567397155106914242e-01,0.000000000000000000e+00,5.030550000000000299e-01,2.371699999999999919e-01,1.325313159478481821e-02,0.000000000000000000e+00,0.000000000000000000e+00,1.000000000000000056e-01,0.000000000000000000e+00,0.000000000000000000e+00,1.610953099051906645e-01
1.600000000000000089e+00,4.587283068955053666e-01,1.988591384813942486e-03,5.030550000000000299e-01,2.371699999999999919e-01,2.651604351910906432e-02,0.000000000000000000e+00,0.000000000000000000e+00,1.000000000000000056e-01,0.000000000000000000e+00,0.000000000000000000e+00,1.617466434790046925e-01
1.700000000000000178e+00,4.620431894727520805e-01,5.303473962060656355e-03,5.030550000000000299e-01,2.371699999999999919e-01,3.977895544344446643e-02,0.000000000000000000e+00,0.000000000000000000e+00,1.000000000000000056e-01,0.000000000000000000e+00,0.000000000000000000e+00,1.623979770528187205e-01
1.800000000000000044e+00,4.666843632424328425e-01,9.944647731741418362e-03,5.030550000000000299e-01,2.371699999999999919e-01,5.304186736778605804e-02,0.000000000000000000e+00,0.000000000000000000e+00,1.000000000000000056e-01,0.000000000000000000e+00,0.000000000000000000e+00,1.630493106266327485e-01
1.900000000000000133e+00,4.726518282045477637e-01,1.591211269385633953e-02,5.030550000000000299e-01,2.371699999999999919e-01,6.630477929212764965e-02,0.000000000000000000e+00,0.000000000000000000e+00,1.000000000000000056e-01,0.000000000000000000e+00,0.000000000000000000e+00,1.637006442004467766e-01
2.000000000000000000e+00,4.799455843590968440e-01,2.320586884840541986e-02,5.030550000000000299e-01,2.371699999999999919e-01,7.956769121646924126e-02,0.000000000000000000e+00,0.000000000000000000e+00,1.000000000000000056e-01,1.000000000000000000e+00,1.000000000000000000e+00,1.643519777742608046e-01
2.100000000000000089e+00,4.885656317060800835e-01,3.182591619538865935e-02,5.030550000000000299e-01,2.371699999999999919e-01,9.283060314081083286e-02,0.000000000000000000e+00,0.000000000000000000e+00,1.000000000000000056e-01,1.000000000000000000e+00,1.000000000000000000e+00,1.650033113480748326e-01
2.200000000000000178e+00,4.985119702454975377e-01,4.177225473480611351e-02,5.030550000000000299e-01,2.371699999999999919e-01,1.060935150651524245e-01,0.000000000000000000e+00,0.000000000000000000e+00,1.000000000000000056e-01,1.000000000000000000e+00,1.000000000000000000e+00,1.656546449218888606e-01
2.300000000000000266e+00,5.097845999773490400e-01,5.304488446665761581e-02,5.030550000000000299e-01,2.371699999999999919e-01,1.193564269894940161e-01,0.000000000000000000e+00,0.000000000000000000e+00,1.000000000000000056e-01,1.000000000000000000e+00,1.000000000000000000e+00,1.663059784957028886e-01
2.400000000000000355e+00,5.223835209016336467e-01,6.564380539094222256e-02,5.030550000000000299e-01,2.371699999999999919e-01,1.326193389137957368e-01,0.000000000000000000e+00,0.000000000000000000e+00,1.000000000000000056e-01,1.000000000000000000e+00,1.000000000000000000e+00,1.669573120695169166e-01
2.500000000000000000e+00,5.362386949150559357e-01,7.949897940436451149e-02,5.030671658929343204e-01,2.371490519098007344e-01,1.444033116331077116e-01,2.569067571434804497e-04,-4.423049164875122096e-04,1.000000000000000056e-01,1.000000000000000000e+00,1.000000000000000000e+00,1.676086456433309446e-01
2.600000000000000089e+00,5.513063748279715126e-01,9.456665931728008845e-02,5.030905146328922273e-01,2.370817130291327512e-01,1.563005447478527377e-01,1.679240684445915067e-04,-1.320699854988981571e-03,1.000000000000000056e-01,1.000000000000000000e+00,1.000000000000000000e+00,1.682599792171449726e-01
2.700000000000000178e+00,5.675997075280896365e-01,1.108599920173982123e-01,5.031073070397366065e-01,2.369496430436338341e-01,1.695634566721249403e-01,1.679240684445915067e-04,-1.320699854988981571e-03,1.000000000000000056e-01,1.000000000000000000e+00,1.000000000000000000e+00,1.689113127909590006e-01
2.800000000000000266e+00,5.852193314206349806e-01,1.284796159099435564e-01,5.031240994465810967e-01,2.368175730581350003e-01,1.828263685963971430e-01,1.679240684445915067e-04,-1.320699854988981571e-03,1.000000000000000056e-01,1.000000000000000000e+00,1.000000000000000000e+00,1.695626463647730287e-01
2.900000000000000355e+00,6.041652465056076560e-01,1.474255309949162318e-01,5.031408918534255870e-01,2.366855030726361941e-01,1.960892805206693457e-01,1.679240684445915067e-04,-1.320699854988981571e-03,1.000000000000000056e-01,1.000000000000000000e+00,1.000000000000000000e+00,1.702139799385870567e-01
3.000000000000000000e+00,6.244170694994569670e-01,1.676773539887655429e-01,5.031747415519326472e-01,2.365861915060151477e-01,2.089157522833334224e-01,5.331591141478205995e-04,-6.192671510377114772e-04,1.000000000000000056e-01,1.000000000000000000e+00,1.000000000000000000e+00,1.708653135124010847e-01
3.100000000000000089e+00,6.455206227585874590e-01,1.887809072478960348e-01,5.032058503115972581e-01,2.365491262466876687e-01,2.115984739402413661e-01,-7.224059943305889686e-04,1.818960770012532143e-03,1.000000000000000056e-01,1.000000000000000000e+00,1.000000000000000000e+00,1.715166470862151127e-01
3.200000000000000178e+00,6.667074813147670920e-01,2.099677658040756678e-01,5.030372448880057190e-01,2.366933072109854430e-01,2.123061316123045494e-01,-3.539798689726352237e-03,5.357041584548524488e-04,1.000000000000000056e-01,1.000000000000000000e+00,1.000000000000000000e+00,1.721679806600291407e-01
3.300000000000000266e+00,6.875825240325771359e-01,2.308428085218857118e-01,5.026265672063962020e-01,2.368006070179002887e-01,2.040926138595896278e-01,-3.890730161225395677e-03,3.739799122012939930e-03,1.000000000000000056e-01,1.000000000000000000e+00,1.000000000000000000e+00,1.728193142338431687e-01
3.400000000000000355e+00,7.082751190185363477e-01,2.515354035078449235e-01,5.023734866888418527e-01,2.371230619325883360e-01,2.062388664599041355e-01,-1.919342308580297045e-03,3.817575471297613050e-03,1.000000000000000056e-01,1.000000000000000000e+00,1.000000000000000000e+00,1.734706478076571967e-01
3.500000000000000000e+00,7.285862432315414194e-01,2.718465277208499953e-01,5.021069869212453352e-01,2.375415952856137491e-01,2.041733872898797431e-01,-2.793624030437352919e-03,4.978372049262943556e-03,1.000000000000000056e-01,1.000000000000000000e+00,1.000000000000000000e+00,1.741219813814712247e-01
3.600000000000000089e+00,7.493554771061751163e-01,2.926157615954836921e-01,5.018896205810682298e-01,2.380330196645400742e-01,2.109438798576120933e-01,-2.748305372830087915e-03,4.750504003418617831e-03,1.000000000000000056e-01,1.000000000000000000e+00,1.000000000000000000e+00,1.747733149552852527e-01
3.700000000000000178e+00,7.703535247996471380e-01,3.136138092889557138e-01,5.015906380736340209e-01,2.384290235798311453e-01,2.082644429442916667e-01,-3.660232611263891742e-03,4.690260481566247731e-03,1.000000000000000056e-01,1.000000000000000000e+00,1.000000000000000000e+00,1.754246485290992807e-01
3.800000000000000266e+00,7.907869465538872600e-01,3.340472310431958358e-01,5.014581206282170411e-01,2.388519158546596466e-01,1.997926709687059266e-01,-1.137192205159753312e-03,3.565724079773598468e-03,1.000000000000000056e-01,1.000000000000000000e+00,1.000000000000000000e+00,1.760759821029133088e-01
3.900000000000000355e+00,8.112045898408956068e-01,3.544648743302041827e-01,5.013205537043967652e-01,2.392730220986569178e-01,2.070565218005348818e-01,-1.280878876342340326e-03,4.753665032397943503e-03,1.000000000000000056e-01,1.000000000000000000e+00,1.000000000000000000e+00,1.767273156767273368e-01
4.000000000000000000e+00,8.317659435039099769e-01,3.750262279932185527e-01,5.012479830766217725e-01,2.396828651814049138e-01,2.072717841695475571e-01,2.926507598213111600e-04,2.942941551763421110e-03,1.000000000000000056e-01,1.000000000000000000e+00,1.000000000000000000e+00,1.773786492505413370e-01
4.100000000000000533e+00,8.527722215611873713e-01,3.960325060504959471e-01,5.012117769416467583e-01,2.398576131907055875e-01,2.112428128753758572e-01,2.198345166077660291e-04,1.522067505680660968e-03,1.000000000000000056e-01,1.000000000000000000e+00,1.000000000000000000e+00,1.780299828243553928e-01
4.200000000000000178e+00,8.736282482179174025e-01,4.168885327072259783e-01,5.013767773481996315e-01,2.400633948341187596e-01,2.088982619911640137e-01,8.667509599264108279e-04,3.278708511330605431e-03,1.000000000000000056e-01,1.000000000000000000e+00,1.000000000000000000e+00,1.786813163981693930e-01
4.299999999999999822e+00,8.947731200186992417e-01,4.380334045080078176e-01,5.016430769882560536e-01,2.404897246834709623e-01,2.152167187028314332e-01,2.397200847099125592e-03,5.575542269418957801e-03,1.000000000000000056e-01,1.000000000000000000e+00,1.000000000000000000e+00,1.793326499719834211e-01
4.400000000000000355e+00,9.167287688981231586e-01,4.599890533874317344e-01,5.019697782850263135e-01,2.410086305008383445e-01,2.230970099813214536e-01,4.327331013304686579e-03,4.706152728717711078e-03,1.000000000000000056e-01,1.000000000000000000e+00,1.000000000000000000e+00,1.799839835457974491e-01
4.500000000000000000e+00,9.395019637603414520e-01,4.827622482496500278e-01,5.023129917600235306e-01,2.415939981196723596e-01,2.316466655257197749e-01,2.513569457770143192e-03,6.287529524055245414e-03,1.000000000000000056e-01,1.000000000000000000e+00,1.000000000000000000e+00,1.806353171196114771e-01
4.600000000000000533e+00,9.632312034609364915e-01,5.064914879502451228e-01,5.024845914754676457e-01,2.422514631709801747e-01,2.433819885998539101e-01,1.351748716961806603e-03,6.536361112639530596e-03,1.000000000000000056e-01,1.000000000000000000e+00,1.000000000000000000e+00,1.812866506934255051e-01
4.700000000000000178e+00,9.882326805462549046e-01,5.314929650355635360e-01,5.026197663471639876e-01,2.429050992822451849e-01,2.566449005241261405e-01,1.351748716961806603e-03,6.536361112639530596e-03,1.000000000000000056e-01,1.000000000000000000e+00,1.000000000000000000e+00,1.819379842672395331e-01
4.800000000000000711e+00,7.131168757714190232e-03,5.503914532470228771e-01,5.029325015537671195e-01,2.435613875514057725e-01,8.913021104997113919e-02,1.909613836223296099e-02,7.689696969707378402e-04,1.000000000000000056e-01,1.000000000000000000e+00,1.000000000000000000e+00,1.825893178410535611e-01
4.900000000000000355e+00,1.571866000454291701e-02,5.589789444938515484e-01,5.041990513638499039e-01,2.442492361568083248e-01,8.506813167547913612e-02,7.815457608159883177e-03,8.451699323958497198e-03,1.000000000000000056e-01,1.000000000000000000e+00,1.000000000000000000e+00,1.832406514148675891e-01
5.000000000000000000e+00,2.488249117466989624e-02,5.681427756639785276e-01,5.049860412490115857e-01,2.450902339424891052e-01,9.796920217749277571e-02,8.130134185166957086e-03,8.210544180482157173e-03,1.000000000000000056e-01,1.000000000000000000e+00,1.000000000000000000e+00,1.838919849886816171e-01
5.100000000000000533e+00,3.534301009364920754e-02,5.786032945829577834e-01,5.057996126186570240e-01,2.459097068303467692e-01,1.113602936473847144e-01,8.353228807841036122e-03,7.578294330604489273e-03,1.000000000000000056e-01,1.000000000000000000e+00,1.000000000000000000e+00,1.845433185624956451e-01
5.200000000000000178e+00,4.705145701986013229e-02,5.903117415091687636e-01,5.066847416762918499e-01,2.466010010437414968e-01,1.232757975401939238e-01,8.840754796047166700e-03,6.457906223950924014e-03,1.000000000000000056e-01,1.000000000000000000e+00,1.000000000000000000e+00,1.851946521363096732e-01
5.300000000000000711e+00,6.004231499921325321e-02,6.033025994885219401e-01,5.075688171558956352e-01,2.472467916661341969e-01,1.365387094644751609e-01,8.840754796047166700e-03,6.457906223950924014e-03,1.000000000000000056e-01,1.000000000000000000e+00,1.000000000000000000e+00,1.858459857101237012e-01
5.400000000000000355e+00,7.440311865092869015e-02,6.176634031402373770e-01,5.084117227392538352e-01,2.477879446779684969e-01,1.498401731441061091e-01,8.531199679584966153e-03,5.119871767765368439e-03,1.000000000000000056e-01,1.000000000000000000e+00,1.000000000000000000e+00,1.864973192839377292e-01
5.500000000000000000e+00,9.004691906771844501e-02,6.333072035570270764e-01,5.092606556822093511e-01,2.482979348909566120e-01,1.628166198390154917e-01,8.188015123003667892e-03,4.956192227445436506e-03,1.000000000000000056e-01,1.000000000000000000e+00,1.000000000000000000e+00,1.871486528577517572e-01
5.600000000000000533e+00,1.069401979944320513e-01,6.502004824837406272e-01,5.100971797229379989e-01,2.488047176389721615e-01,1.748481024906274883e-01,8.385118412354763615e-03,4.705460432233307157e-03,1.000000000000000056e-01,1.000000000000000000e+00,1.000000000000000000e+00,1.877999864315657852e-01
5.700000000000000178e+00,1.250882864688274698e-01,6.683485709581360457e-01,5.109356915641753982e-01,2.492752636821956302e-01,1.881110144148996910e-01,8.385118412354763615e-03,4.705460432233307157e-03,1.000000000000000056e-01,1.000000000000000000e+00,1.000000000000000000e+00,1.884513200053798132e-01
5.800000000000000711e+00,1.443203330175381605e-01,6.875806175068467363e-01,5.118245500559418515e-01,2.498124505515818272e-01,1.977819540321422431e-01,8.668522517191416116e-03,5.716426138837750470e-03,1.000000000000000056e-01,1.000000000000000000e+00,1.000000000000000000e+00,1.891026535791938412e-01
5.900000000000000355e+00,1.646727175912071628e-01,7.079330020805156831e-01,5.126762918946438097e-01,2.503327292098646573e-01,2.101026589288071122e-01,8.508720811630459888e-03,5.173196840939177366e-03,1.000000000000000056e-01,1.000000000000000000e+00,1.000000000000000000e+00,1.897539871530078692e-01
6.000000000000000000e+00,1.860840346107162091e-01,7.293443191000247294e-01,5.135872389757555334e-01,2.507559494848068393e-01,2.186832819640202041e-01,7.748810838770578240e-03,3.325440904556128171e-03,1.000000000000000056e-01,1.000000000000000000e+00,1.000000000000000000e+00,1.904053207268218695e-01
6.100000000000000533e+00,2.085090425950001103e-01,7.517693270843086584e-01,5.143736862796584042e-01,2.511072060166093523e-01,2.300972792215502105e-01,8.002097377826651592e-03,3.715846552432130936e-03,1.000000000000000056e-01,1.000000000000000000e+00,1.000000000000000000e+00,1.910566543006359252e-01
6.200000000000000178e+00,2.318972380576398706e-01,7.751575225469484742e-01,5.150731128063170683e-01,2.513697526369412794e-01,2.383220549541852085e-01,6.362260817603750118e-03,9.689809499823832679e-04,1.000000000000000056e-01,1.000000000000000000e+00,1.000000000000000000e+00,1.917079878744499255e-01
6.300000000000000711e+00,2.560093662597579534e-01,7.992696507490665292e-01,5.158738081791072183e-01,2.514486383614844556e-01,2.444028206673128090e-01,8.747423552872887059e-03,9.826809674653652973e-04,1.000000000000000056e-01,1.000000000000000000e+00,1.000000000000000000e+00,1.923593214482639535e-01
6.400000000000000355e+00,2.806540722403365606e-01,8.239143567296451920e-01,5.166898373964350366e-01,2.515166414522357341e-01,2.448266374104784981e-01,8.198972465732970102e-03,1.522141997474702520e-03,1.000000000000000056e-01,1.000000000000000000e+00,1.000000000000000000e+00,1.930106550220779815e-01
6.500000000000000000e+00,3.049337741613145081e-01,8.481940586506231394e-01,5.177004934483748766e-01,2.516976215615461809e-01,2.418484383602749754e-01,1.069092907790502797e-02,2.092985533484764508e-03,1.000000000000000056e-01,1.000000000000000000e+00,1.000000000000000000e+00,1.936619885958920095e-01
6.600000000000000533e+00,3.279680768926894752e-01,8.712283613819981065e-01,5.183729422866726333e-01,2.517828970679886758e-01,2.224861704938105866e-01,5.502172376064989531e-03,-2.925600688531830064e-04,1.000000000000000056e-01,1.000000000000000000e+00,1.000000000000000000e+00,1.943133221697060375e-01
6.700000000000000178e+00,3.493884625052190995e-01,8.926487469945276754e-01,5.190463707151918848e-01,2.517072409428730562e-01,2.074925823878437936e-01,7.852789588248469677e-03,-1.406638629111496390e-03,1.000000000000000056e-01,1.000000000000000000e+00,1.000000000000000000e+00,1.949646557435200656e-01
6.800000000000000711e+00,3.695837169719186632e-01,9.128440014612272391e-01,5.198709452156751176e-01,2.518743509868870967e-01,1.967424712824134003e-01,8.417143666242190084e-03,3.491768223014423030e-03,1.000000000000000056e-01,1.000000000000000000e+00,1.000000000000000000e+00,1.956159893173340936e-01
6.900000000000000355e+00,3.888705893647853573e-01,9.321308738540938776e-01,5.206517018924468054e-01,2.523041244403146366e-01,1.885448200541153252e-01,7.682178495413045233e-03,3.977934315085545139e-03,1.000000000000000056e-01,1.000000000000000000e+00,1.000000000000000000e+00,1.962673228911481216e-01
7.000000000000000000e+00,4.074825770861076890e-01,9.507428615754162093e-01,5.212218298369425407e-01,2.525366575692294391e-01,1.852434860229315305e-01,4.045591706369982762e-03,1.802892077415938626e-03,1.000000000000000056e-01,1.000000000000000000e+00,1.000000000000000000e+00,1.969186564649621496e-01
7.100000000000000533e+00,4.259503837727214304e-01,9.692106682620299507e-01,5.215022440646506219e-01,2.526247774225232612e-01,1.826073708497405190e-01,9.719169687334375122e-04,1.232229104430740472e-04,1.000000000000000056e-01,1.000000000000000000e+00,1.000000000000000000e+00,1.975699900387761776e-01
7.200000000000000178e+00,4.440433706906734002e-01,9.873036551799818650e-01,5.217076562520104321e-01,2.527506949427160143e-01,1.807831702431768051e-01,3.293288747669081713e-03,7.821276419359101100e-04,1.000000000000000056e-01,1.000000000000000000e+00,1.000000000000000000e+00,1.982213236125902056e-01
7.300000000000000711e+00,4.619641405402091783e-01,1.005224425029517699e+00,5.220769694615363665e-01,2.529888594995196027e-01,1.777569735762325742e-01,3.096722447183554178e-03,2.577547291333145019e-03,1.000000000000000056e-01,1.000000000000000000e+00,1.000000000000000000e+00,1.988726571864042336e-01
7.400000000000000355e+00,4.796843652982468176e-01,1.022944649787555393e+00,5.223155209160188495e-01,2.534095440988932690e-01,1.756538313249219330e-01,2.358147669575563071e-03,5.715160501938313341e-03,1.000000000000000056e-01,1.000000000000000000e+00,1.000000000000000000e+00,1.995239907602182616e-01
7.500000000000000000e+00,4.974562189155272152e-01,1.040716503404835791e+00,5.225526290458157863e-01,2.539863396728975764e-01,1.781052917673187352e-01,1.426698773793105878e-03,4.797792616809304529e-03,1.000000000000000056e-01,1.000000000000000000e+00,1.000000000000000000e+00,2.001753243340322896e-01
7.600000000000000533e+00,5.153968051494262070e-01,1.058657089638734838e+00,5.226666705413797187e-01,2.544629007225862605e-01,1.807936161535076691e-01,6.767652514769863323e-04,4.996065137188285092e-03,1.000000000000000056e-01,1.000000000000000000e+00,1.000000000000000000e+00,2.008266579078463177e-01
7.700000000000000178e+00,5.334368628597114803e-01,1.076697147349020112e+00,5.227878118071028757e-01,2.549263295705940235e-01,1.826997101945909974e-01,1.255164709889126018e-03,4.153439227325738184e-03,1.000000000000000056e-01,1.000000000000000000e+00,1.000000000000000000e+00,2.014779914816603457e-01
7.800000000000000711e+00,5.517547927406365460e-01,1.095015077229945177e+00,5.230106701456371798e-01,2.553804410798705682e-01,1.855775483324414998e-01,1.416558148233903721e-03,6.080751494711083421e-03,1.000000000000000056e-01,1.000000000000000000e+00,1.000000000000000000e+00,2.021293250554743737e-01
7.900000000000000355e+00,5.704452526140963986e-01,1.113705537103405030e+00,5.232482235971320783e-01,2.558379234880604480e-01,1.868096153528355508e-01,4.059121100715688997e-03,4.258139897788100134e-03,1.000000000000000056e-01,1.000000000000000000e+00,1.000000000000000000e+00,2.027806586292884017e-01
8.000000000000000000e+00,5.893621263389269282e-01,1.132622410828235449e+00,5.236890158020868213e-01,2.563261945721018176e-01,1.906576244090696093e-01,4.420968603357445549e-03,5.713925119076992964e-03,1.000000000000000056e-01,1.000000000000000000e+00,1.000000000000000000e+00,2.034319922031024297e-01
