time,x,y,z,vx,vy,vz,radius,in_late_averaging_window
1.500000000000000000e+00,5.090030592540171206e-01,5.034640583662259861e-01,2.370587079089572502e-01,1.490989204155826753e-01,2.468260085603381487e-03,-4.733512710028953650e-04,5.000000000000000278e-02,0.000000000000000000e+00
1.600000000000000089e+00,5.278150641762784367e-01,5.033516834465956435e-01,2.362714649320498406e-01,2.277872443270006486e-01,-5.030893570632943498e-03,-1.312825267289867599e-02,5.000000000000000278e-02,0.000000000000000000e+00
1.700000000000000178e+00,5.462042226153667190e-01,5.043008492071364701e-01,2.356694179059168892e-01,1.546248975734923203e-01,1.410573648250290288e-02,1.412874550423827424e-02,5.000000000000000278e-02,0.000000000000000000e+00
1.800000000000000044e+00,5.633635594315348216e-01,5.063575933954092001e-01,2.368452469053348164e-01,1.460306091633479519e-01,2.792077924548713730e-02,-5.674034311516282063e-03,5.000000000000000278e-02,0.000000000000000000e+00
1.900000000000000133e+00,5.772104668647686232e-01,5.074485951070069056e-01,2.378462414576224260e-01,1.526590083008191601e-01,1.524313522471500322e-02,2.180345482353395967e-02,5.000000000000000278e-02,0.000000000000000000e+00
2.000000000000000000e+00,5.913032711975441114e-01,5.083767827847700538e-01,2.362759521700813214e-01,1.285970817036874714e-01,1.365959494005530850e-02,-3.504360388993003200e-02,5.000000000000000278e-02,1.000000000000000000e+00
2.100000000000000089e+00,6.046457345151743379e-01,5.082532602734882721e-01,2.335611911388691952e-01,1.356411883879784230e-01,-9.981224843513179790e-03,-2.525809005046058056e-02,5.000000000000000278e-02,1.000000000000000000e+00
2.200000000000000178e+00,6.201394686812917723e-01,5.075715305129619992e-01,2.320248327717210068e-01,1.786046250909620881e-01,-7.610372919767119035e-03,-1.198614500872158262e-02,5.000000000000000278e-02,1.000000000000000000e+00
2.300000000000000266e+00,6.369117003769262375e-01,5.072336436885451771e-01,2.299746817459450976e-01,1.861329723421037696e-01,-1.488128087808368583e-02,-1.637733012428704144e-02,5.000000000000000278e-02,1.000000000000000000e+00
2.400000000000000355e+00,6.563216304966330572e-01,5.066299309737090084e-01,2.280208490616245087e-01,1.999750250571280252e-01,-8.193559550154828376e-04,-2.319035367064641376e-02,5.000000000000000278e-02,1.000000000000000000e+00
2.500000000000000000e+00,6.736002239855803930e-01,5.082768991665984615e-01,2.280607323064434699e-01,1.662074980920879019e-01,2.742159301805707772e-02,9.629674080571404976e-03,5.000000000000000278e-02,1.000000000000000000e+00
2.600000000000000089e+00,6.909693371093900138e-01,5.104630588618566112e-01,2.308939488466616452e-01,1.779311680505242244e-01,2.130455527365868532e-02,3.370546460516709447e-02,5.000000000000000278e-02,1.000000000000000000e+00
2.700000000000000178e+00,7.099667118736558979e-01,5.103347291173220279e-01,2.352935616044423417e-01,1.965871727487227272e-01,-1.393808012764185741e-02,4.783441198599160810e-02,5.000000000000000278e-02,1.000000000000000000e+00
2.800000000000000266e+00,7.282726376008648028e-01,5.103123236225269865e-01,2.375384970021116038e-01,1.914944848394202481e-01,1.281528042343494170e-02,2.655712928227786651e-02,5.000000000000000278e-02,1.000000000000000000e+00
2.900000000000000355e+00,7.479019272902487359e-01,5.123624081191084922e-01,2.391940414472695231e-01,1.746990787290522429e-01,8.473814663005601461e-03,1.586517870048705786e-02,5.000000000000000278e-02,1.000000000000000000e+00
3.000000000000000000e+00,7.641375335032178917e-01,5.145784432450237755e-01,2.423014703351527577e-01,1.699633877114695990e-01,3.443823111938255216e-02,3.799444198597926731e-02,5.000000000000000278e-02,1.000000000000000000e+00
3.100000000000000089e+00,7.811633045754328153e-01,5.165880411371884806e-01,2.450279876478902996e-01,1.795478916306110506e-01,7.841192641024159402e-03,3.227106694082363531e-02,5.000000000000000278e-02,1.000000000000000000e+00
3.200000000000000178e+00,8.010303439699417716e-01,5.166929420017684071e-01,2.494190263235311344e-01,2.225395053848570892e-01,-7.184024231926268780e-03,5.345449248153484600e-02,5.000000000000000278e-02,1.000000000000000000e+00
3.300000000000000266e+00,8.248271225473730039e-01,5.150123452060011431e-01,2.537372612636343283e-01,2.375683566475046971e-01,-1.655506611153172158e-02,3.399912043700526604e-02,5.000000000000000278e-02,1.000000000000000000e+00
3.400000000000000355e+00,8.501562202451384831e-01,5.133564355996331763e-01,2.553308696503181485e-01,2.697733458635256931e-01,-1.528625192098528873e-02,1.049405012609201486e-02,5.000000000000000278e-02,1.000000000000000000e+00
3.500000000000000000e+00,8.759096800331886978e-01,5.135936172265864741e-01,2.550647242797964842e-01,2.721336149575835917e-01,2.720532786980743925e-02,1.063700862402567650e-03,5.000000000000000278e-02,1.000000000000000000e+00
3.600000000000000089e+00,9.008179240802119958e-01,5.129059509753756130e-01,2.557336772277212233e-01,2.262066098534366576e-01,-1.141151566454796581e-02,8.580299230331642213e-03,5.000000000000000278e-02,1.000000000000000000e+00
3.700000000000000178e+00,9.229920346349521632e-01,5.120161859988283659e-01,2.558187141057392533e-01,2.244467893065243413e-01,1.475976237502227284e-02,-1.547905761078537633e-02,5.000000000000000278e-02,1.000000000000000000e+00
3.800000000000000266e+00,9.478711549834534233e-01,5.147458507073392475e-01,2.535851047826561677e-01,2.898713192863937582e-01,3.337588695852580084e-02,-1.980092195444941791e-02,5.000000000000000278e-02,1.000000000000000000e+00
3.900000000000000355e+00,9.798867147322634086e-01,5.178102025369470951e-01,2.517333006998724310e-01,3.267313848309025826e-01,2.291715798860193692e-02,-2.562720895506557378e-02,5.000000000000000278e-02,1.000000000000000000e+00
4.000000000000000000e+00,7.254529052353897445e-02,5.185259306724948614e-01,1.984061861971475604e-01,1.476905059343694093e+00,-8.222473455890959293e-02,-1.271043413284224544e+00,5.000000000000000278e-02,1.000000000000000000e+00
4.100000000000000533e+00,1.509569674862130673e-01,5.168526985079534564e-01,1.337420424887711956e-01,5.931188859451002049e-01,4.067630550825502428e-02,-3.534534776756874108e-01,5.000000000000000278e-02,1.000000000000000000e+00
4.200000000000000178e+00,1.985654283134038467e-01,5.189754943046970270e-01,1.187255136780287906e-01,4.083787483017832787e-01,-1.389813511516646907e-03,-6.500784349862398503e-06,5.000000000000000278e-02,1.000000000000000000e+00
4.299999999999999822e+00,2.371046770498296818e-01,5.191220854017336572e-01,1.178799952986591265e-01,3.411788039093548441e-01,8.580291341785169917e-04,1.613283428178773071e-02,5.000000000000000278e-02,1.000000000000000000e+00
4.400000000000000355e+00,2.723096557786200966e-01,5.176940602391530977e-01,1.170484788711889934e-01,3.776194085490653385e-01,-2.007022448270440879e-02,-7.611752503118174133e-03,5.000000000000000278e-02,1.000000000000000000e+00
4.500000000000000000e+00,3.059453140635522428e-01,5.164099244690818491e-01,1.187140053009041601e-01,3.177173964528935413e-01,-2.642914955949050154e-02,5.644410046977042794e-02,5.000000000000000278e-02,1.000000000000000000e+00
4.600000000000000533e+00,3.392410767161756491e-01,5.151670658820608484e-01,1.243245400707962411e-01,3.507120656956212446e-01,-2.462735898713098916e-03,5.758827531303527952e-02,5.000000000000000278e-02,1.000000000000000000e+00
4.700000000000000178e+00,3.743249687476674636e-01,5.157359666219281102e-01,1.286120406939100236e-01,3.575037980733558607e-01,8.828777410106370196e-03,4.117002901586973990e-02,5.000000000000000278e-02,1.000000000000000000e+00
4.800000000000000711e+00,4.063654368307940690e-01,5.170483677428459046e-01,1.332556645068525003e-01,3.048848051095330858e-01,1.188420076054649312e-02,4.241261346809804128e-02,5.000000000000000278e-02,1.000000000000000000e+00
4.900000000000000355e+00,4.365656190635929801e-01,5.184265537560176496e-01,1.389766696142093472e-01,3.094187648392486834e-01,-2.214948022964829261e-03,5.506019009268159348e-02,5.000000000000000278e-02,1.000000000000000000e+00
5.000000000000000000e+00,4.683045093529363267e-01,5.191217201681480597e-01,1.445319713679500406e-01,3.154722142858751854e-01,1.927065021066725128e-02,5.500102901997099697e-02,5.000000000000000278e-02,1.000000000000000000e+00
5.100000000000000533e+00,4.992401786610823899e-01,5.208576836819828193e-01,1.493992761753339948e-01,2.985759678063937272e-01,1.225465183781597814e-02,4.072728517457758352e-02,5.000000000000000278e-02,1.000000000000000000e+00
5.200000000000000178e+00,5.291343750678438873e-01,5.220484291959639478e-01,1.540908779571463216e-01,3.070834037430879571e-01,1.679336795436128793e-02,5.138765462248156418e-02,5.000000000000000278e-02,1.000000000000000000e+00
5.300000000000000711e+00,5.602971236415565937e-01,5.239462028230231772e-01,1.587604384253131218e-01,2.831228661272182090e-01,2.108295030529854300e-03,4.338791998463932542e-02,5.000000000000000278e-02,1.000000000000000000e+00
5.400000000000000355e+00,5.888595998936146936e-01,5.248891139424637364e-01,1.632808684941737531e-01,2.714664387127255218e-01,1.606952428598925828e-02,3.580338545967393787e-02,5.000000000000000278e-02,1.000000000000000000e+00
5.500000000000000000e+00,6.164660079332729969e-01,5.261872746451266014e-01,1.663254793362895778e-01,2.482660145970360388e-01,1.748535544266468763e-03,4.150299901423267282e-03,5.000000000000000278e-02,1.000000000000000000e+00
5.600000000000000533e+00,6.416466515989805997e-01,5.259835556472011175e-01,1.670388908018685115e-01,2.378323610777355324e-01,-1.284497315740832681e-03,3.704108723170562723e-02,5.000000000000000278e-02,1.000000000000000000e+00
5.700000000000000178e+00,6.675415230913149811e-01,5.258393041200155604e-01,1.709680686578470832e-01,2.367745104639017439e-01,9.817626012010343545e-03,4.115600581902447569e-02,5.000000000000000278e-02,1.000000000000000000e+00
5.800000000000000711e+00,6.922798497282317554e-01,5.267223354569896543e-01,1.750770191647972318e-01,2.279743667694012210e-01,-9.727590793067206892e-03,3.890482400114104317e-02,5.000000000000000278e-02,1.000000000000000000e+00
5.900000000000000355e+00,7.158851559818502075e-01,5.254009013617264578e-01,1.787983561116709974e-01,2.458943413908844799e-01,-1.417902437726053025e-02,3.827170627077604997e-02,5.000000000000000278e-02,1.000000000000000000e+00
6.000000000000000000e+00,7.431113031909211131e-01,5.237890999255984115e-01,1.824362940804129807e-01,2.716080516473061701e-01,-1.435263963489682298e-02,3.214120561394499809e-02,5.000000000000000278e-02,1.000000000000000000e+00
6.100000000000000533e+00,7.688747658075203439e-01,5.227378472540977761e-01,1.860005293059275588e-01,2.562392482673895855e-01,-1.072192877587242396e-02,3.454962289973660672e-02,5.000000000000000278e-02,1.000000000000000000e+00
6.200000000000000178e+00,7.970309644048763076e-01,5.227904612290256159e-01,1.903207187589089633e-01,2.937296756638265727e-01,-2.782296462888111162e-03,5.437481737588188008e-02,5.000000000000000278e-02,1.000000000000000000e+00
6.300000000000000711e+00,8.281854774971513233e-01,5.230976875421365913e-01,1.962605470464301449e-01,3.090676254627859332e-01,-5.929618817332381027e-04,6.585702405439079754e-02,5.000000000000000278e-02,1.000000000000000000e+00
6.400000000000000355e+00,8.588999796793193031e-01,5.219896266157322273e-01,2.023119142848758822e-01,3.125249412264267668e-01,-1.361452492460167064e-02,4.635793599479828137e-02,5.000000000000000278e-02,1.000000000000000000e+00
6.500000000000000000e+00,8.899460060014237062e-01,5.197812174897747939e-01,2.061701415765118672e-01,3.305185790047415195e-01,-2.554182377157461145e-02,4.259660268876283573e-02,5.000000000000000278e-02,1.000000000000000000e+00
6.600000000000000533e+00,9.237823065646895149e-01,5.182236326078867306e-01,2.098521678450090966e-01,3.637343917879458099e-01,-1.289843368350872092e-02,3.425916462661252743e-02,5.000000000000000278e-02,1.000000000000000000e+00
6.700000000000000178e+00,9.586324835853505810e-01,5.177546697565865719e-01,2.115053153920002649e-01,3.825102039013079103e-01,-5.826079929958026017e-03,8.186087408010581795e-03,5.000000000000000278e-02,1.000000000000000000e+00
6.800000000000000711e+00,9.971886904519859929e-01,5.187103284330090158e-01,2.127148588210063251e-01,3.753293450002514464e-01,-3.089938746747297044e-02,2.068155404790701993e-02,5.000000000000000278e-02,1.000000000000000000e+00
6.900000000000000355e+00,1.316259242524919215e-01,4.625880398922723180e-01,1.437439692465761198e-01,1.053040013972903477e+00,-5.167185682324032525e-01,-3.516424164669890717e-01,5.000000000000000278e-02,1.000000000000000000e+00
7.000000000000000000e+00,2.146549092772484513e-01,4.291642556511723328e-01,1.205160439702769731e-01,6.768638941455330515e-01,-2.383653447506516865e-01,-1.652572314149753918e-01,5.000000000000000278e-02,1.000000000000000000e+00
7.100000000000000533e+00,2.704666101349494367e-01,4.125423914702483486e-01,1.101423757569448270e-01,4.931964927751466554e-01,-1.340459232331665529e-01,-7.288318833225025661e-02,5.000000000000000278e-02,1.000000000000000000e+00
7.200000000000000178e+00,3.117747590451944717e-01,4.029585294631590764e-01,1.071298476472186956e-01,4.060728004025492832e-01,-7.016684920473641174e-02,-1.757684016393955620e-02,5.000000000000000278e-02,1.000000000000000000e+00
7.300000000000000711e+00,3.481631383794663859e-01,3.975722618245051132e-01,1.082979305766609279e-01,3.714610071813617687e-01,-4.056992202351635685e-02,2.538633309388910186e-02,5.000000000000000278e-02,1.000000000000000000e+00
7.400000000000000355e+00,3.831287000675555054e-01,3.945127400344394242e-01,1.119872567134525543e-01,3.130693300419600256e-01,-3.128289009582267688e-02,6.215585205768257154e-02,5.000000000000000278e-02,1.000000000000000000e+00
7.500000000000000000e+00,4.160121412721650702e-01,3.919742051963558960e-01,1.178473925699563551e-01,3.137523479421763795e-01,-3.352469824616047256e-02,5.654525668607850164e-02,5.000000000000000278e-02,1.000000000000000000e+00
7.600000000000000533e+00,4.449606138325694626e-01,3.892027890248402899e-01,1.236362388593819223e-01,2.904176569480222958e-01,-3.366631542313301695e-02,7.262675648547631257e-02,5.000000000000000278e-02,1.000000000000000000e+00
7.700000000000000178e+00,4.767960604033208982e-01,3.852801052377087254e-01,1.302651172228450061e-01,3.151544643615164509e-01,-3.214568959661415204e-02,7.528692317781880694e-02,5.000000000000000278e-02,1.000000000000000000e+00
7.800000000000000711e+00,5.074945475473783274e-01,3.821553970165870173e-01,1.365877163652063908e-01,2.870172892167283663e-01,-3.213001625959192170e-02,3.932074775785968784e-02,5.000000000000000278e-02,1.000000000000000000e+00
7.900000000000000355e+00,5.356209709857916446e-01,3.794566910784156200e-01,1.399482154400014944e-01,2.658564017692713333e-01,-2.899449095932684142e-02,3.215850568063233217e-02,5.000000000000000278e-02,1.000000000000000000e+00
8.000000000000000000e+00,5.609565934846518775e-01,3.780266713515185173e-01,1.435504168137588521e-01,2.639289969719469942e-01,-1.187521072975838976e-02,3.896896219492616137e-02,5.000000000000000278e-02,1.000000000000000000e+00
8.099999999999999645e+00,5.880096285279227120e-01,3.785162963243215994e-01,1.484994132782794241e-01,2.721616931783849558e-01,1.357313884706869795e-03,5.547135300931899105e-02,5.000000000000000278e-02,1.000000000000000000e+00
8.200000000000001066e+00,6.142572484049581005e-01,3.779603745336248544e-01,1.521776185761587186e-01,2.892693377938554966e-01,-9.194650229608553049e-03,3.792854742831174020e-02,5.000000000000000278e-02,1.000000000000000000e+00
8.300000000000000711e+00,6.410852958317067030e-01,3.776203305067835636e-01,1.547470923369570206e-01,2.427681888862523452e-01,-2.719540138231881562e-03,2.271411607172033401e-02,5.000000000000000278e-02,1.000000000000000000e+00
8.400000000000000355e+00,6.653609591905388365e-01,3.770006890838346614e-01,1.560876619697629253e-01,2.648731775814142098e-01,-6.133444757393840402e-03,6.060809649162679676e-03,5.000000000000000278e-02,1.000000000000000000e+00
8.500000000000000000e+00,6.880562282163302790e-01,3.776990123441079650e-01,1.570858843776432590e-01,2.316227376724523945e-01,1.352749410001999331e-02,9.153337202456233307e-03,5.000000000000000278e-02,1.000000000000000000e+00
8.599999999999999645e+00,7.103180597086340420e-01,3.794419607836100883e-01,1.594436133676068457e-01,2.359813818115766015e-01,2.002796442615272302e-02,2.401191666286304691e-02,5.000000000000000278e-02,1.000000000000000000e+00
8.700000000000001066e+00,7.362723429247480800e-01,3.808757496779799356e-01,1.627160942579911340e-01,2.653221599011279519e-01,7.209105134522867178e-03,4.163446187369276158e-02,5.000000000000000278e-02,1.000000000000000000e+00
8.800000000000000711e+00,7.613304132840774674e-01,3.824797881421428403e-01,1.670012403616250030e-01,2.578991627578466894e-01,8.956594009131766537e-03,5.624931452915381963e-02,5.000000000000000278e-02,1.000000000000000000e+00
8.900000000000000355e+00,7.881271753476064568e-01,3.842385228342204417e-01,1.730734853553880792e-01,2.626656814122115824e-01,2.919959486705575938e-02,6.288788391351746165e-02,5.000000000000000278e-02,1.000000000000000000e+00
9.000000000000000000e+00,8.152225205441547828e-01,3.859646814939072801e-01,1.789232438497634359e-01,2.743753780818735111e-01,1.977562208823211310e-03,4.665062265654841556e-02,5.000000000000000278e-02,1.000000000000000000e+00
9.099999999999999645e+00,8.392621516352738453e-01,3.870043866665124344e-01,1.838280065731200952e-01,2.552591525944296613e-01,6.145487189551044824e-03,5.217421700202889978e-02,5.000000000000000278e-02,1.000000000000000000e+00
9.200000000000001066e+00,8.666527042567500061e-01,3.876154460989753581e-01,1.878243487563626413e-01,2.780299259783936550e-01,2.433847049148457273e-03,3.755264889864484007e-02,5.000000000000000278e-02,1.000000000000000000e+00
9.300000000000000711e+00,8.983121558516288241e-01,3.868964730589841694e-01,1.914339266371306025e-01,3.358871507468546569e-01,-1.981190993042187404e-02,4.051398884550223845e-02,5.000000000000000278e-02,1.000000000000000000e+00
9.400000000000000355e+00,9.300032259115689204e-01,3.864392414520854135e-01,1.949999375281332992e-01,3.019531559641521756e-01,-3.155830092490129885e-02,3.418967842576425137e-02,5.000000000000000278e-02,1.000000000000000000e+00
9.500000000000000000e+00,9.604517372881231640e-01,3.807167757076593828e-01,1.976496505285941785e-01,3.205969968792095059e-01,-6.309237595833135093e-02,2.371387899289032278e-02,5.000000000000000278e-02,1.000000000000000000e+00
9.600000000000001421e+00,9.972812442789025233e-01,3.730317030666827072e-01,1.974683187317912980e-01,4.181970609550800244e-01,-7.704558719428458713e-02,-2.193825053807418966e-03,5.000000000000000278e-02,1.000000000000000000e+00
9.700000000000001066e+00,1.094550647692820733e-01,3.247114330786874392e-01,1.357122425410474675e-01,8.592824001544259183e-01,-3.393322605398912395e-01,-4.267976378780706237e-01,5.000000000000000278e-02,1.000000000000000000e+00
9.800000000000000711e+00,1.767105230280504036e-01,3.016927703918179104e-01,1.084293173598757376e-01,5.752926486867304678e-01,-1.717346755558333826e-01,-1.250867796772013041e-01,5.000000000000000278e-02,1.000000000000000000e+00
9.900000000000000355e+00,2.209731575189586572e-01,2.921744831409885945e-01,1.027946820666683636e-01,4.086409537004354608e-01,-6.422695671643527393e-02,-8.255738818380632671e-03,5.000000000000000278e-02,1.000000000000000000e+00
1.000000000000000000e+01,2.604841831605926306e-01,2.848094220225270146e-01,1.039747838745625763e-01,3.187188752051046681e-01,-7.030858051588520508e-02,8.338095815472913730e-02,5.000000000000000278e-02,1.000000000000000000e+00
1.010000000000000142e+01,2.917261687011387106e-01,2.780229349040312936e-01,1.127974677326427227e-01,3.195123564983866626e-01,-6.205104447201605783e-02,7.958017399818051452e-02,5.000000000000000278e-02,1.000000000000000000e+00
1.020000000000000107e+01,3.219566044999941923e-01,2.724924123824276623e-01,1.216732347329946146e-01,2.890836922667830433e-01,-6.016339358234961548e-02,1.028174086622002520e-01,5.000000000000000278e-02,1.000000000000000000e+00
1.030000000000000071e+01,3.530957608113814428e-01,2.664426151194669856e-01,1.306215972483402432e-01,2.977722363894736990e-01,-5.103160376153653005e-02,9.305050639963034775e-02,5.000000000000000278e-02,1.000000000000000000e+00
1.040000000000000036e+01,3.840980055532666748e-01,2.616145930328696023e-01,1.401521705811325513e-01,3.159893248546875588e-01,-3.462126538024754008e-02,9.822551312322413963e-02,5.000000000000000278e-02,1.000000000000000000e+00
1.050000000000000000e+01,4.182030264051694313e-01,2.596669972479235255e-01,1.486308269264297877e-01,3.405152279483862898e-01,-2.337441097257500836e-02,8.612482947591273974e-02,5.000000000000000278e-02,1.000000000000000000e+00
1.060000000000000142e+01,4.505021249248616910e-01,2.573110555989231996e-01,1.568321076925980329e-01,3.066283585454994687e-01,-2.005403402956652120e-02,6.844673285725549894e-02,5.000000000000000278e-02,1.000000000000000000e+00
1.070000000000000107e+01,4.817040494908779724e-01,2.555600497423855533e-01,1.645647512752692609e-01,2.999474255655401600e-01,-3.545090553379710158e-02,7.787603398868918336e-02,5.000000000000000278e-02,1.000000000000000000e+00
1.080000000000000071e+01,5.104802334224221028e-01,2.538526322479128794e-01,1.700602685414940862e-01,2.669400336266293805e-01,2.670775771172865815e-03,3.279037589412650555e-02,5.000000000000000278e-02,1.000000000000000000e+00
1.090000000000000036e+01,5.407362876095751503e-01,2.534040235168281696e-01,1.734225557345459023e-01,3.192954568260724102e-01,-1.272055896620459189e-02,2.830721278571395397e-02,5.000000000000000278e-02,1.000000000000000000e+00
1.100000000000000000e+01,5.717535953639599766e-01,2.528562615420416049e-01,1.777096860185353733e-01,2.579206779157713902e-01,-1.091606797598379010e-03,6.558686115487233348e-02,5.000000000000000278e-02,1.000000000000000000e+00
1.110000000000000142e+01,6.007346032432085980e-01,2.528130220532371908e-01,1.836201705648909388e-01,3.258126763863595787e-01,-6.695455733896266137e-03,5.543813745311471086e-02,5.000000000000000278e-02,1.000000000000000000e+00
1.120000000000000107e+01,6.275965532553644532e-01,2.532653799747390799e-01,1.893627487972187051e-01,2.598829404948231891e-01,4.150690937764940636e-03,5.283863892191082573e-02,5.000000000000000278e-02,1.000000000000000000e+00
1.130000000000000071e+01,6.549327524942891721e-01,2.555740960501373671e-01,1.945245659731063281e-01,2.522637768662656099e-01,1.478025672825068401e-02,6.074006899586587016e-02,5.000000000000000278e-02,1.000000000000000000e+00
1.140000000000000036e+01,6.772066567280305982e-01,2.580376713764014340e-01,1.986524068954004241e-01,2.211431719858389378e-01,3.900674606005938294e-02,3.152299958289676851e-02,5.000000000000000278e-02,1.000000000000000000e+00
1.150000000000000000e+01,7.025039629884102244e-01,2.621540574488609998e-01,2.017914299296075520e-01,2.506936490102376069e-01,4.892487049991024045e-02,3.714420426279262111e-02,5.000000000000000278e-02,1.000000000000000000e+00
1.160000000000000142e+01,7.283062732139486961e-01,2.671919139163125845e-01,2.054714510553206086e-01,2.860996595734007775e-01,5.500152917374395711e-02,3.897958817662354469e-02,5.000000000000000278e-02,1.000000000000000000e+00
1.170000000000000107e+01,7.570355443949148277e-01,2.738525995450946104e-01,2.076257912597435085e-01,2.988337676950259536e-01,7.476549441934149387e-02,8.991749436304393925e-03,5.000000000000000278e-02,1.000000000000000000e+00
1.180000000000000071e+01,7.842742620270486409e-01,2.803039487897056037e-01,2.118469905485963201e-01,2.474961751059545356e-01,6.227112694278243848e-02,4.810579488002430376e-02,5.000000000000000278e-02,1.000000000000000000e+00
1.190000000000000036e+01,8.100513397921227376e-01,2.858059777457084838e-01,2.154657392389409676e-01,2.785990545289909193e-01,6.398596772352477258e-02,2.378874982458501625e-02,5.000000000000000278e-02,1.000000000000000000e+00
1.200000000000000000e+01,8.344942215838694333e-01,2.877751124711629416e-01,2.181395029138056274e-01,2.656803852862107962e-01,1.647266032405142119e-02,2.359239713044927397e-02,5.000000000000000278e-02,1.000000000000000000e+00
1.210000000000000142e+01,8.637406353213422650e-01,2.897629345568832893e-01,2.217645362679217524e-01,2.843452249574870971e-01,2.523356526200733543e-02,5.880850570838831726e-02,5.000000000000000278e-02,1.000000000000000000e+00
1.220000000000000107e+01,8.954273970350319356e-01,2.926201210687464083e-01,2.278643851203590864e-01,3.448129348215703271e-01,3.558360784267205340e-02,6.134365364737449228e-02,5.000000000000000278e-02,1.000000000000000000e+00
1.230000000000000071e+01,9.311806543803229363e-01,2.975423174316485508e-01,2.318511730380098113e-01,3.665230527354419454e-01,3.462945569929558320e-02,1.273229171309025846e-02,5.000000000000000278e-02,1.000000000000000000e+00
1.240000000000000036e+01,9.621617062177303392e-01,3.044872423194200928e-01,2.282073634898441339e-01,3.177610601817806857e-01,8.007066166117506045e-02,-9.559091289570723071e-02,5.000000000000000278e-02,1.000000000000000000e+00
1.250000000000000000e+01,9.968931132129223993e-01,3.106026177892953211e-01,2.184276670174879198e-01,3.839609094756939456e-01,6.095325274494112211e-02,-8.545868465883504905e-02,5.000000000000000278e-02,1.000000000000000000e+00
1.260000000000000142e+01,6.710585250925321654e-02,3.694437482625863578e-01,1.086542708432105819e-01,5.496709726899581261e-01,3.830698325593275277e-01,-7.989411925130043279e-01,5.000000000000000278e-02,1.000000000000000000e+00
1.270000000000000107e+01,9.943583772302283519e-02,3.921775369559224456e-01,1.244353773964338578e-01,2.716389200159702866e-01,1.895121409468592810e-01,2.811389538661619447e-01,5.000000000000000278e-02,1.000000000000000000e+00
1.280000000000000071e+01,1.290502184728168356e-01,4.093165479942322826e-01,1.511961117854314085e-01,3.060160001072841918e-01,1.360855999349489531e-01,2.298547301689698452e-01,5.000000000000000278e-02,1.000000000000000000e+00
1.290000000000000036e+01,1.594700934166206618e-01,4.209760219340549225e-01,1.704328517361484996e-01,3.158203779761583618e-01,1.016113115707325126e-01,1.501505143015703925e-01,5.000000000000000278e-02,1.000000000000000000e+00
1.300000000000000000e+01,1.933932907196363460e-01,4.310983048032697162e-01,1.863366884176471394e-01,3.476460991128511591e-01,6.650925259184434224e-02,1.363978999812873738e-01,5.000000000000000278e-02,1.000000000000000000e+00
1.310000000000000142e+01,2.278633541302761412e-01,4.369557468571010905e-01,1.979358614595274624e-01,3.334256285132866093e-01,5.324434307497105667e-02,1.056152901314238030e-01,5.000000000000000278e-02,1.000000000000000000e+00
1.320000000000000107e+01,2.602408220522125504e-01,4.412927691750702652e-01,2.029735450122952256e-01,3.428068252901811941e-01,4.489733345670388065e-02,3.880529443223038055e-02,5.000000000000000278e-02,1.000000000000000000e+00
1.330000000000000071e+01,2.952797131095830085e-01,4.453539775809999823e-01,2.063116837581194796e-01,3.430146853520898986e-01,3.353004477428463831e-02,3.888810810632934573e-02,5.000000000000000278e-02,1.000000000000000000e+00
1.340000000000000036e+01,3.279062267815214815e-01,4.488900136424970877e-01,2.099413507856341954e-01,2.716752368766711667e-01,2.628046743941810093e-02,1.514882461735349642e-02,5.000000000000000278e-02,1.000000000000000000e+00
1.350000000000000000e+01,3.548882454985646806e-01,4.513425796292641623e-01,2.109258973931170955e-01,2.367613223152179591e-01,1.125799186172287379e-02,1.886188870587272165e-02,5.000000000000000278e-02,1.000000000000000000e+00
1.360000000000000142e+01,3.826313603752325987e-01,4.519609005075505559e-01,2.124299014466251301e-01,2.972140533517169114e-01,-4.146239960425322953e-03,1.471130488295308708e-02,5.000000000000000278e-02,1.000000000000000000e+00
1.370000000000000107e+01,4.119664182389237705e-01,4.504546964747203619e-01,2.147589236954726977e-01,2.786578149090960244e-01,-1.907907114856155842e-02,4.153591699966463491e-02,5.000000000000000278e-02,1.000000000000000000e+00
1.380000000000000071e+01,4.407684638467772587e-01,4.482243127329887389e-01,2.178022068612441575e-01,2.742187762526208661e-01,-1.419981278008981829e-02,2.174936269159409574e-02,5.000000000000000278e-02,1.000000000000000000e+00
1.390000000000000036e+01,4.665488537190020657e-01,4.461567223585380937e-01,2.192000596191586159e-01,2.515265594222343415e-01,-5.475468418733770576e-03,4.953565383340748085e-03,5.000000000000000278e-02,1.000000000000000000e+00
1.400000000000000000e+01,4.899819054942852747e-01,4.450857453114350770e-01,2.197777592935431512e-01,2.470070500295835081e-01,-9.937761337556111352e-03,1.210764296687951748e-02,5.000000000000000278e-02,1.000000000000000000e+00
1.410000000000000142e+01,5.180845679053708297e-01,4.439001864696965893e-01,2.206305503268196355e-01,2.864987545494311338e-01,-6.096114304143633589e-03,1.428826629938071725e-02,5.000000000000000278e-02,1.000000000000000000e+00
1.420000000000000107e+01,5.445643058865272668e-01,4.447465187632244632e-01,2.217814177182553526e-01,2.663676955507631727e-01,1.787869473739300136e-02,4.411980425477226610e-03,5.000000000000000278e-02,1.000000000000000000e+00
1.430000000000000071e+01,5.691694206519999355e-01,4.450239972844611813e-01,2.232202929652384038e-01,2.191264378799292756e-01,-8.712890694934567401e-03,3.469504174638302074e-02,5.000000000000000278e-02,1.000000000000000000e+00
1.440000000000000036e+01,5.944176856028741129e-01,4.441270136795855694e-01,2.262327947509349402e-01,2.809295843983471430e-01,7.407055944038522331e-04,2.795431007553864783e-02,5.000000000000000278e-02,1.000000000000000000e+00
1.450000000000000000e+01,6.233956886132192565e-01,4.444572944485824517e-01,2.296925465885688578e-01,2.956409904955054624e-01,-5.427807607617249688e-04,3.631203533828564894e-02,5.000000000000000278e-02,1.000000000000000000e+00
1.460000000000000142e+01,6.505887285081206617e-01,4.434467685212940546e-01,2.323560774693257669e-01,2.545099541691537848e-01,1.372391718135895951e-03,3.820964253787856313e-02,5.000000000000000278e-02,1.000000000000000000e+00
1.470000000000000107e+01,6.766979634711296487e-01,4.426228770490891473e-01,2.365108145973340292e-01,2.638768121766042474e-01,-1.864043770733133515e-02,4.080901517094016190e-02,5.000000000000000278e-02,1.000000000000000000e+00
1.480000000000000071e+01,7.029576133020591922e-01,4.422345268307101285e-01,2.408904493093263210e-01,2.482264220280916145e-01,9.253545326629256801e-04,3.093841871503722959e-02,5.000000000000000278e-02,1.000000000000000000e+00
1.490000000000000036e+01,7.285501016088490323e-01,4.424092021367758143e-01,2.442795325558704267e-01,2.369074448741959604e-01,1.419954190436339189e-03,3.956822005361636946e-02,5.000000000000000278e-02,1.000000000000000000e+00
1.500000000000000000e+01,7.547641965981048973e-01,4.431071897156870776e-01,2.482448209964568109e-01,2.976303867747148169e-01,-2.161184658998564941e-03,4.567958565790181807e-02,5.000000000000000278e-02,1.000000000000000000e+00
1.510000000000000142e+01,7.842973441680223257e-01,4.428042169132163641e-01,2.525628591876041829e-01,2.679261238111814158e-01,-9.719996499667718504e-03,3.228371535857580549e-02,5.000000000000000278e-02,1.000000000000000000e+00
1.520000000000000107e+01,8.114204990248625737e-01,4.423114200580684496e-01,2.560491691328191100e-01,2.745639319391217081e-01,1.432564473924461193e-03,4.300879350346827057e-02,5.000000000000000278e-02,1.000000000000000000e+00
1.530000000000000071e+01,8.412443723736278134e-01,4.428751364979621186e-01,2.597305953530872902e-01,3.104033441505675284e-01,3.443870648480613743e-03,3.411861807226729965e-02,5.000000000000000278e-02,1.000000000000000000e+00
1.540000000000000036e+01,8.722131295472048684e-01,4.432300278833152807e-01,2.617811087955289051e-01,2.997703999228230609e-01,-1.077094456098337538e-02,7.178918056183569360e-03,5.000000000000000278e-02,1.000000000000000000e+00
1.550000000000000000e+01,9.047707153328556906e-01,4.422302746675267904e-01,2.621111943326790983e-01,3.278814778659491780e-01,-6.846304169979029221e-03,8.670378602534167811e-03,5.000000000000000278e-02,1.000000000000000000e+00
1.560000000000000142e+01,9.401416869151315581e-01,4.404027629707941704e-01,2.622825734275257559e-01,3.776013126010843712e-01,-2.530277845583788626e-02,1.611266037063340331e-02,5.000000000000000278e-02,1.000000000000000000e+00
1.570000000000000107e+01,9.794748106212858296e-01,4.370999691158212741e-01,2.632983129077392515e-01,4.052664126481537732e-01,-3.159595102201757238e-02,8.567440829740369246e-03,5.000000000000000278e-02,1.000000000000000000e+00
1.580000000000000071e+01,1.009664630452177247e-01,4.954810827984695853e-01,2.097069698753408207e-01,1.705579581793330135e+00,1.103349679611649981e+00,-9.514343760117704996e-01,5.000000000000000278e-02,1.000000000000000000e+00
1.590000000000000036e+01,2.086660390506000495e-01,5.648696300278023275e-01,1.506535314845919571e-01,7.188578168469732521e-01,4.255153629752601030e-01,-4.161428323205610402e-01,5.000000000000000278e-02,1.000000000000000000e+00
1.600000000000000000e+01,2.688935492406270833e-01,5.930867664813167517e-01,1.210499769212671634e-01,5.181414055228508175e-01,2.062617221882246943e-01,-2.089940659351034180e-01,5.000000000000000278e-02,1.000000000000000000e+00
1.610000000000000142e+01,3.143446075787690308e-01,6.125807165052408187e-01,1.116688698736971741e-01,3.870222910737424749e-01,1.651973854045658552e-01,-9.855743582082887241e-03,5.000000000000000278e-02,1.000000000000000000e+00
1.619999999999999929e+01,3.492345121335298508e-01,6.238334757140738818e-01,1.120579877478806163e-01,3.253687128812502993e-01,9.241452427236515610e-02,1.528543635685987445e-02,5.000000000000000278e-02,1.000000000000000000e+00
1.630000000000000071e+01,3.796952787290551190e-01,6.329022818935389205e-01,1.139875503389172345e-01,2.940943482765647765e-01,8.384911722330770645e-02,2.305919277349769564e-02,5.000000000000000278e-02,1.000000000000000000e+00
1.640000000000000213e+01,4.112571119487481441e-01,6.402188980528248363e-01,1.166943802920440837e-01,3.375550383631922835e-01,6.006649111871673052e-02,3.569710968250694449e-02,5.000000000000000278e-02,1.000000000000000000e+00
1.650000000000000000e+01,4.422955358360010636e-01,6.453625185198407221e-01,1.202066173345277961e-01,3.169856583426284846e-01,4.570754407576619466e-02,4.892633261696937436e-02,5.000000000000000278e-02,1.000000000000000000e+00
1.660000000000000142e+01,4.711700447628799915e-01,6.482596999003975569e-01,1.237200439603363816e-01,2.758538068248277964e-01,3.807402975784493493e-02,3.061924017153076077e-02,5.000000000000000278e-02,1.000000000000000000e+00
1.669999999999999929e+01,4.980404649017272090e-01,6.523472710751203607e-01,1.271894615127892036e-01,2.500699083842969905e-01,3.471261892316986758e-02,2.683964293501781700e-02,5.000000000000000278e-02,1.000000000000000000e+00
1.680000000000000071e+01,5.207774366451327630e-01,6.547636152654603414e-01,1.312928684713394190e-01,2.438021648005852249e-01,-5.135222174399021317e-03,4.963280104672276177e-02,5.000000000000000278e-02,1.000000000000000000e+00
1.690000000000000213e+01,5.466386449187519148e-01,6.560258748190360700e-01,1.368340159812686807e-01,2.406648443429872386e-01,2.576845206219579784e-02,5.732542107003388288e-02,5.000000000000000278e-02,1.000000000000000000e+00
1.700000000000000000e+01,5.710837543643878522e-01,6.574867460388695850e-01,1.427139948177505169e-01,2.606711329310837932e-01,7.464590880593086411e-04,6.508759873684802355e-02,5.000000000000000278e-02,1.000000000000000000e+00
1.710000000000000142e+01,5.979953269209749012e-01,6.579625960623681769e-01,1.486142519800510708e-01,2.511373883699963283e-01,1.912260720087075386e-02,7.027890855603599607e-02,5.000000000000000278e-02,1.000000000000000000e+00
1.719999999999999929e+01,6.237646873742009879e-01,6.591553932093459078e-01,1.553517859876603624e-01,2.772198370449301397e-01,1.206004279890387880e-02,7.091500233116018737e-02,5.000000000000000278e-02,1.000000000000000000e+00
1.730000000000000071e+01,6.514953118687976108e-01,6.586544408502396086e-01,1.624819204378642745e-01,2.756118397680499821e-01,-2.150978071600035887e-02,6.288906260201057585e-02,5.000000000000000278e-02,1.000000000000000000e+00
1.740000000000000213e+01,6.799871372682605442e-01,6.563109136043591141e-01,1.688047237525276689e-01,3.074397594825230007e-01,-2.132165225508246553e-02,6.038932061122145173e-02,5.000000000000000278e-02,1.000000000000000000e+00
1.750000000000000000e+01,7.096733353515980447e-01,6.543643150239967232e-01,1.750419071237527546e-01,2.576140078924897825e-01,4.340002283524557920e-03,4.758779910858693118e-02,5.000000000000000278e-02,1.000000000000000000e+00
1.760000000000000142e+01,7.348803055948861518e-01,6.537331201202627451e-01,1.801073955033983820e-01,2.758095419707918272e-01,-1.437492021723781564e-02,4.658891476360089989e-02,5.000000000000000278e-02,1.000000000000000000e+00
1.769999999999999929e+01,7.630662096863587429e-01,6.523570678672542256e-01,1.832823091263301452e-01,2.956546618937083148e-01,-1.850027072770680722e-02,2.470489903941956375e-02,5.000000000000000278e-02,1.000000000000000000e+00
1.780000000000000071e+01,7.923202232158166325e-01,6.510692648503701996e-01,1.860825771191779721e-01,2.768820556759533646e-01,-1.470294943497693976e-02,3.649653768569049300e-02,5.000000000000000278e-02,1.000000000000000000e+00
1.790000000000000213e+01,8.203147337954843632e-01,6.493331912307229725e-01,1.901030209964521545e-01,3.031775668726021111e-01,-2.180611889383147345e-02,2.335681072893012328e-02,5.000000000000000278e-02,1.000000000000000000e+00
1.800000000000000000e+01,8.479243582733031470e-01,6.480494452561542662e-01,1.917285388182627393e-01,2.732447237420458364e-01,-1.723547986384107999e-02,1.318838268312224130e-02,5.000000000000000278e-02,1.000000000000000000e+00
1.810000000000000142e+01,8.735074701671914355e-01,6.453887159725679723e-01,1.933443803300230190e-01,2.621409815004546728e-01,-2.989718143243292811e-02,1.673316455282223073e-02,5.000000000000000278e-02,1.000000000000000000e+00
1.819999999999999929e+01,9.005175843406303393e-01,6.432912758119453400e-01,1.949797588519188163e-01,2.775203607027881825e-01,-2.930802978187256255e-02,2.380249023693168861e-02,5.000000000000000278e-02,1.000000000000000000e+00
1.830000000000000071e+01,9.285986803405736900e-01,6.404028018346942241e-01,1.962065094538524845e-01,2.895721518694422958e-01,-3.272704573720834620e-02,5.947451973840443482e-03,5.000000000000000278e-02,1.000000000000000000e+00
1.840000000000000213e+01,9.540477447791675392e-01,6.367952161658020360e-01,1.955596541688492673e-01,2.686448640206950955e-01,-1.866160325270175419e-02,-2.335960333347361986e-02,5.000000000000000278e-02,1.000000000000000000e+00
1.850000000000000000e+01,9.836142838291945800e-01,6.322910899344726943e-01,1.928967435042086287e-01,3.112468689408393607e-01,-4.959225166559600578e-02,-2.663598277238582446e-02,5.000000000000000278e-02,1.000000000000000000e+00
1.860000000000000142e+01,5.532269538905265627e-02,6.536670588043945740e-01,2.036596093293807641e-01,1.325292924352777568e+00,6.259143080657855185e-01,3.664541461925630572e-01,5.000000000000000278e-02,1.000000000000000000e+00
1.869999999999999929e+01,1.560021305804780711e-01,6.993267590540571677e-01,2.322066181287136544e-01,6.899407150582506087e-01,2.901779315530479963e-01,1.602327401253985095e-01,5.000000000000000278e-02,1.000000000000000000e+00
1.880000000000000071e+01,2.154191482298837002e-01,7.235323394697916743e-01,2.458623423435492561e-01,5.668244540619813421e-01,2.184317375798882632e-01,1.304077249513896641e-01,5.000000000000000278e-02,1.000000000000000000e+00
1.890000000000000213e+01,2.723451494602981415e-01,7.411656576774837690e-01,2.580832709655380142e-01,5.773726304282984501e-01,1.530194948575750169e-01,1.045368206701952907e-01,5.000000000000000278e-02,1.000000000000000000e+00
1.900000000000000000e+01,3.237425898538953684e-01,7.536164511756375806e-01,2.691226494668473301e-01,4.825470879833214100e-01,1.048679454558938268e-01,9.608647797175733085e-02,5.000000000000000278e-02,1.000000000000000000e+00
1.910000000000000142e+01,3.690218180264252523e-01,7.633609531461309494e-01,2.771216150557201385e-01,4.325622550682752809e-01,9.028054180171646292e-02,5.961678299203170689e-02,5.000000000000000278e-02,1.000000000000000000e+00
1.920000000000000284e+01,4.102317434860821010e-01,7.693970959420297628e-01,2.833546525896605273e-01,3.505517081192233153e-01,5.172434597048420485e-02,4.341257497004113314e-02,5.000000000000000278e-02,1.000000000000000000e+00
1.930000000000000071e+01,4.449917722544355914e-01,7.745247886935187065e-01,2.875914264232731221e-01,3.455532124669279392e-01,5.002269738208935113e-02,4.271619401831225349e-02,5.000000000000000278e-02,1.000000000000000000e+00
1.940000000000000213e+01,4.785732534182911557e-01,7.785196752238121576e-01,2.919832372998588665e-01,3.345496653397557751e-01,3.804446554326692403e-02,4.484986713262009012e-02,5.000000000000000278e-02,1.000000000000000000e+00
1.950000000000000000e+01,5.123834176950690100e-01,7.816407950166824881e-01,2.975844160628947632e-01,3.144692745039123216e-01,2.454392530015199470e-02,6.317569964432849516e-02,5.000000000000000278e-02,1.000000000000000000e+00
1.960000000000000142e+01,5.434547869669965614e-01,7.832314173054533146e-01,3.035793780147655330e-01,3.022205221005420661e-01,1.279306115013562062e-02,5.019149221054065857e-02,5.000000000000000278e-02,1.000000000000000000e+00
1.970000000000000284e+01,5.735523644192805914e-01,7.842060447812807533e-01,3.073871871950528689e-01,2.781224071785062812e-01,3.001261880359158002e-02,2.600996763089440805e-02,5.000000000000000278e-02,1.000000000000000000e+00
1.980000000000000071e+01,6.018058441565143912e-01,7.887277912279121450e-01,3.097862486236226953e-01,2.719093408070139550e-01,6.913470551540309983e-02,2.054302513946843975e-02,5.000000000000000278e-02,1.000000000000000000e+00
1.990000000000000213e+01,6.275735655483702935e-01,7.934785925711673737e-01,3.122398027517420127e-01,2.646170615093747513e-01,3.001797786046046107e-02,2.580156112483174974e-02,5.000000000000000278e-02,1.000000000000000000e+00
